{
  "anonymousId": "8cc0eebc-cb82-48e6-9547-494182e546f5",
  "context": {
    "ip": "172.56.187.150",
    "library": {
      "name": "analytics.js",
      "version": "npm:next-1.63.0"
    },
    "locale": "en-US",
    "page": {
      "path": "/",
      "referrer": "https://app.writingproprompts.com/",
      "search": "",
      "title": "Paragraph Improver",
      "url": "https://app.writingproprompts.com/"
    },
    "timezone": "America/Los_Angeles",
    "userAgent": "Mozilla/5.0 (Linux; Android 10; K) AppleWebKit/537.36 (KHTML, like Gecko) Chrome/111.0.0.0 Mobile Safari/537.36",
    "userAgentData": {
      "brands": [
        {
          "brand": "Google Chrome",
          "version": "111"
        },
        {
          "brand": "Not(A:Brand",
          "version": "8"
        },
        {
          "brand": "Chromium",
          "version": "111"
        }
      ],
      "mobile": true,
      "platform": "Android"
    }
  },
  "integrations": {},
  "messageId": "ajs-next-538eb7f9d7aacb95ab06257bd7cac8f6",
  "originalTimestamp": "2024-02-25T11:07:17.298Z",
  "properties": {
    "path": "/",
    "referrer": "https://app.writingproprompts.com/",
    "search": "",
    "title": "Paragraph Improver",
    "url": "https://app.writingproprompts.com/"
  },
  "receivedAt": "2024-02-25T11:07:21.163Z",
  "sentAt": "2024-02-25T11:07:17.812Z",
  "timestamp": "2024-02-25T11:07:20.649Z",
  "type": "page",
  "userId": null
}
